{
    "3188_2": 4.166666666666667,
    "3516_1": 4.0,
    "3176_1": 4.0,
    "2048_2": 4.0,
    "4198_4": 4.0,
    "2156_1": 3.8333333333333335,
    "4384_2": 3.8333333333333335,
    "4591_3": 3.833333333333333,
    "75_1": 3.5,
    "3161_2": 3.5,
    "4537_2": 3.5,
    "2716_3": 3.5,
    "695_3": 3.5,
    "1970_3": 3.5,
    "4276_4": 3.5,
    "366_4": 3.5,
    "634_4": 3.3761904761904766,
    "4594_4": 3.366666666666667,
    "4129_1": 3.3333333333333335,
    "2454_1": 3.3333333333333335,
    "2510_2": 3.3333333333333335,
    "4768_4": 3.3333333333333335,
    "2960_1": 3.333333333333333,
    "2473_2": 3.333333333333333,
    "3559_3": 3.333333333333333,
    "4456_4": 3.333333333333333,
    "3057_1": 3.25,
    "2524_1": 3.25,
    "4605_1": 3.25,
    "488_3": 3.25
}