{
    "449_2": 3.7618671818900653,
    "346_2": 3.606280239368476,
    "4455_3": 3.4766548838810514,
    "2322_4": 3.302227674174867,
    "2912_4": 3.280727807624093,
    "3111_3": 3.1791825993064387,
    "1509_1": 3.174924075403616,
    "4182_2": 3.1532981211047817,
    "3599_3": 3.1237126743512187,
    "3577_1": 3.0670078759003925,
    "645_2": 3.0412193216972008,
    "2133_4": 3.020153719689324,
    "1769_3": 3.0033094528450577,
    "4379_2": 2.9755086416851118,
    "2583_3": 2.9451631701631706,
    "3500_3": 2.9332064993829694,
    "2357_1": 2.927444511113242,
    "3861_1": 2.920243672735932,
    "274_1": 2.9188010173994163,
    "1604_4": 2.8752071160329558,
    "804_2": 2.8706414099109203,
    "1591_3": 2.846212739664079,
    "1260_2": 2.8383227728583766,
    "1214_3": 2.827920767742749,
    "2061_2": 2.821551487727958,
    "4906_1": 2.8017819598701954,
    "1390_2": 2.800654520058545,
    "4170_3": 2.7979398796265134,
    "1295_1": 2.7839109419991774,
    "457_2": 2.7837210562055765
}