{
    "92_2": 0.10521059690629145,
    "84_1": 0.05863415146129046,
    "3040_1": 0.043258168430740915,
    "81_2": 0.039162446004519236,
    "708_1": 0.03227572477292522,
    "93_2": 0.03078343105793386,
    "4924_3": 0.027221967963386728,
    "367_4": 0.026132699813337858,
    "95_2": 0.023598820512558082,
    "2607_2": 0.023065726427735952,
    "87_2": 0.021304206282963315,
    "62_2": 0.018867924528301886,
    "4961_2": 0.016148827595116592,
    "663_3": 0.016129032258064516,
    "2713_3": 0.015332099051145569,
    "3132_4": 0.011045364891518738,
    "4204_3": 0.009708737864077669,
    "369_4": 0.009708737864077669,
    "2752_1": 0.009648021574371134,
    "587_2": 0.009394939493949395,
    "2102_3": 0.009345794392523364,
    "4926_3": 0.009174311926605505,
    "1353_1": 0.008928571428571428,
    "678_3": 0.008695652173913044,
    "3429_4": 0.008628544862854486,
    "4554_4": 0.008250263668220324,
    "2797_3": 0.008130081300813009,
    "82_2": 0.0072992700729927005,
    "4577_3": 0.006493506493506494,
    "3631_4": 0.0049504950495049506
}