{
    "244_5": 4.892591256891985,
    "2640_5": 4.863644006921869,
    "346_2": 4.8232605488716676,
    "4906_1": 4.734349786145115,
    "1214_3": 4.725434295317859,
    "4379_2": 4.611087139778751,
    "249_5": 4.603298594587218,
    "3714_4": 4.544551497358159,
    "3364_6": 4.489770399306003,
    "4052_4": 4.479588289471854,
    "976_1": 4.474149663545949,
    "2369_5": 4.428596811685046,
    "202_6": 4.41817151996685,
    "1593_3": 4.371713295752872,
    "1629_1": 4.355871960221468,
    "1515_3": 4.352035017960539,
    "1249_1": 4.25525945954705,
    "2681_1": 4.2330112812310965,
    "1332_4": 4.224265409737209,
    "3047_2": 4.201055171179012,
    "1733_2": 4.186290649908735,
    "3105_5": 4.17627333590982,
    "2595_3": 4.119187039310878,
    "2555_2": 4.117350648390662,
    "3111_3": 4.094191375360106,
    "2061_2": 4.046085768600912,
    "3252_4": 4.03566395077231,
    "1992_1": 4.023021523069162,
    "481_2": 4.008361839894533,
    "3092_4": 3.982988833491929
}