{
    "596_2": 5.049828729995795,
    "535_3": 4.8658353728784665,
    "943_4": 4.577428741242692,
    "557_4": 4.083832233410239,
    "94_2": 3.8457083385962694,
    "186_3": 3.6530579143512827,
    "467_2": 3.537689299005089,
    "282_4": 3.53433121033026,
    "556_4": 3.4250805167671508,
    "941_4": 2.8778207244638856,
    "598_2": 2.825401908806293,
    "872_3": 2.726862953344502,
    "845_2": 2.689138814222248,
    "533_3": 2.567480271650242,
    "864_3": 2.4902893149024963,
    "896_1": 2.327380952380952,
    "893_1": 2.251457491360237,
    "7_4": 2.168647969963759,
    "2_4": 2.1459120798185634,
    "739_3": 2.079285259316595,
    "496_3": 1.9488567473219056,
    "267_4": 1.9239112739112738,
    "237_4": 1.8848773448773448,
    "597_2": 1.8038382426540318,
    "759_2": 1.7987834458334662,
    "245_4": 1.7283872822192539,
    "595_2": 1.7218567126287088,
    "176_3": 1.7025503348098714,
    "530_3": 1.6989432748508186,
    "13_4": 1.6599576778027028
}