{
    "3944_3": 3.1691273952292507,
    "1028_3": 3.0576576151848394,
    "1405_1": 2.927703203718537,
    "237_3": 2.8552232375676367,
    "3899_4": 2.803318843898535,
    "3916_3": 2.787346485956241,
    "3674_2": 2.7785614378903336,
    "330_2": 2.772481526583956,
    "265_2": 2.766196882122874,
    "212_4": 2.7452791824012417,
    "782_4": 2.715676112499128,
    "1439_4": 2.666912343542199,
    "2626_3": 2.615431729936173,
    "1308_2": 2.5708977877107264,
    "3338_2": 2.5582612317675375,
    "462_1": 2.5547392576077637,
    "815_2": 2.536213220501089,
    "2392_2": 2.533703201673264,
    "4079_2": 2.5163363350052563,
    "2266_2": 2.5084274841745726,
    "2610_4": 2.5038654206732933,
    "3191_4": 2.4989078435146386,
    "1230_1": 2.495385273867236,
    "4421_1": 2.463917661979334,
    "167_4": 2.459709660217058,
    "239_4": 2.4475072919672387,
    "1208_2": 2.444845890850343,
    "2382_2": 2.4400902439225614,
    "3650_3": 2.438346228653363,
    "3757_1": 2.4333098993220914
}