{
    "4744_1": 3.2247643517319684,
    "1775_4": 3.0631974511772513,
    "1725_3": 2.926973794180534,
    "1028_3": 2.912294975672053,
    "265_2": 2.847349485034706,
    "1726_3": 2.8004157576959576,
    "2626_3": 2.785903530852679,
    "3068_4": 2.7216222401954173,
    "1773_2": 2.6732815473506824,
    "1405_1": 2.6660487593705993,
    "3899_4": 2.665487117265436,
    "4290_3": 2.648786238319038,
    "1664_1": 2.628207703312046,
    "2392_2": 2.622630287068016,
    "3817_1": 2.593522363685164,
    "2229_4": 2.5925552549187953,
    "462_1": 2.590087527272638,
    "4421_1": 2.589311247246145,
    "837_1": 2.5624599151045113,
    "1872_3": 2.5557101468571943,
    "2610_4": 2.548121434283283,
    "4100_2": 2.5342386401528985,
    "578_2": 2.5155634214514375,
    "3381_2": 2.514319010331468,
    "1179_4": 2.512571324702278,
    "3377_4": 2.5074848025222924,
    "3291_3": 2.4982050430187486,
    "3609_2": 2.494644235417892,
    "1010_2": 2.4878428466414158,
    "1230_1": 2.4756641652387295,
    "1953_4": 2.466284011079566,
    "3071_2": 2.465465788808905,
    "4812_2": 2.4558231866135953,
    "3916_3": 2.4485512900314146,
    "240_3": 2.447848079598316,
    "1094_1": 2.4467001683527054,
    "1837_4": 2.440667836226648,
    "3944_3": 2.4309374793858822,
    "4491_1": 2.430062332990565,
    "782_4": 2.4298100849958435,
    "1647_3": 2.4293111585237606,
    "2569_3": 2.4256031788225063,
    "52_2": 2.4236256910129974,
    "1150_1": 2.42018441886742,
    "3520_1": 2.4133716837839616,
    "1590_4": 2.399868489438197,
    "1043_3": 2.392282920343392,
    "738_3": 2.3828040820066043,
    "4752_2": 2.3650858014879255,
    "4160_2": 2.363983628501751
}