{
    "1773_2": 2.9749346335347777,
    "782_4": 2.929917037710819,
    "4744_1": 2.908990877577276,
    "2626_3": 2.899833611993115,
    "4876_4": 2.830575787096348,
    "265_2": 2.7802679655177776,
    "3288_4": 2.7259539194380866,
    "1150_1": 2.70427182631276,
    "3899_4": 2.679900931027219,
    "1028_3": 2.6568511962209884,
    "1127_2": 2.652955778712893,
    "578_2": 2.6487463348494664,
    "1405_1": 2.61328910817069,
    "4038_1": 2.5926247922341856,
    "3187_1": 2.5716897724510126,
    "4222_3": 2.563983965902597,
    "212_4": 2.5560457636685174,
    "4915_2": 2.5390940789368703,
    "3722_4": 2.538729459571186,
    "1094_1": 2.536557383741643,
    "1837_4": 2.525037015421337,
    "1726_3": 2.5244693405037983,
    "1953_4": 2.502524685672426,
    "1664_1": 2.4736572222026356,
    "2793_3": 2.4551468924600712,
    "1872_3": 2.4513890229317403,
    "3916_3": 2.422204335131032,
    "579_3": 2.4123356377212306,
    "3377_4": 2.4022247324093517,
    "3823_1": 2.396425048084458
}