{
    "4946_1": 46.98826805048918,
    "4944_1": 40.63519829982868,
    "53_3": 33.61970384328221,
    "4943_1": 31.72146965678464,
    "1837_3": 27.93913389515025,
    "774_3": 24.792706413152906,
    "1836_3": 23.443441788888283,
    "3227_1": 21.7090259556229,
    "4666_3": 21.128026102631246,
    "4925_1": 18.520276388570544,
    "2868_1": 18.394758626911415,
    "51_3": 17.74869781035335,
    "1868_1": 17.059553207933853,
    "3228_1": 16.02345115498061,
    "4928_1": 15.84448252362842,
    "2180_3": 14.656960377700496,
    "2526_3": 14.531511137784308,
    "3878_1": 14.379208889775951,
    "2867_1": 13.040570321887111,
    "745_1": 12.966007129445734,
    "4945_1": 11.865536578462162,
    "485_1": 11.28501755480254,
    "2341_1": 11.215593623062551,
    "1869_1": 11.038569956600448,
    "4937_1": 10.767365165535027,
    "1833_3": 10.235531222270788,
    "2212_1": 10.206862896543475,
    "1481_3": 10.201976802446683,
    "4941_1": 10.023725508923127,
    "3947_3": 9.956982029685955
}