{
    "568_2": 3.142955859153553,
    "1123_4": 2.971812703120752,
    "102_1": 2.9091454274635278,
    "719_2": 2.8964875595680546,
    "193_2": 2.837146449182054,
    "467_1": 2.8212094879664527,
    "1462_3": 2.8027440295135397,
    "1758_3": 2.78685875981248,
    "988_4": 2.6489439194463436,
    "1478_1": 2.5529240600273257,
    "1565_4": 2.5410444505489056,
    "1895_2": 2.5278521916679813,
    "1635_3": 2.469614127702363,
    "1462_2": 2.468919202858831,
    "338_2": 2.451338715277334,
    "1650_3": 2.445637606736005,
    "259_3": 2.430584551613963,
    "469_1": 2.3705006981322776,
    "1646_2": 2.3598410950390614,
    "820_1": 2.344153299625099,
    "1987_3": 2.337004520042109,
    "1976_2": 2.33186222984177,
    "1844_4": 2.2974987974987977,
    "1130_2": 2.2803146203068803,
    "48_4": 2.2779804835687187,
    "7_4": 2.254968441144912,
    "683_4": 2.24919945175317,
    "1822_4": 2.2449162509840255,
    "73_2": 2.225847414620298,
    "965_3": 2.224100226050354
}