{
    "2862_1": 3.423083342310041,
    "4618_1": 3.355986864268109,
    "4543_2": 3.3269224623288456,
    "4731_3": 3.326095405650429,
    "2063_2": 3.2924191184242577,
    "3252_3": 3.207350731546282,
    "4734_3": 3.0389301167814615,
    "912_1": 3.030058655334907,
    "1992_1": 3.021952437161904,
    "2991_4": 3.0212179168196407,
    "80_1": 3.0104211151438407,
    "1069_2": 2.9893488508528034,
    "4793_3": 2.9743515859492944,
    "4443_2": 2.9692859604283295,
    "469_1": 2.9649751518651497,
    "2794_3": 2.9639543436382523,
    "3381_2": 2.942874658094267,
    "1612_2": 2.9340869391087234,
    "2940_4": 2.9260736273278183,
    "2124_1": 2.9033721531913184,
    "2413_4": 2.898832537815969,
    "964_3": 2.855337242172062,
    "1444_2": 2.8359185066817973,
    "981_2": 2.8331215452971956,
    "3738_1": 2.8165574079331384,
    "3208_2": 2.782953362927642,
    "2269_2": 2.7652582389031397,
    "3526_4": 2.7590272780600444,
    "3922_1": 2.755657454702614,
    "2256_4": 2.7541820692221823
}