{
    "590_4": 3.4190787970199743,
    "386_1": 2.9753056826737683,
    "90_3": 2.8842118837474877,
    "595_4": 2.849780203456674,
    "278_1": 2.835600304408354,
    "983_3": 2.741708433465399,
    "984_1": 2.712739249055039,
    "573_4": 2.709615238562607,
    "531_2": 2.6911796300534694,
    "858_1": 2.655486382382667,
    "626_2": 2.6451827998934867,
    "704_1": 2.6415980648178796,
    "501_1": 2.535051027403968,
    "625_4": 2.4369193499998456,
    "393_2": 2.391706904206904,
    "889_4": 2.39099724407,
    "529_3": 2.385466385466386,
    "759_4": 2.367365416038951,
    "873_2": 2.347110489494054,
    "726_3": 2.3415845377532682,
    "129_3": 2.3378119672388755,
    "875_3": 2.3269706113746365,
    "662_4": 2.287329539225824,
    "484_2": 2.2690660646542993,
    "54_1": 2.2535594052154146,
    "804_2": 2.222135219524863,
    "939_3": 2.2159315404002915,
    "142_3": 2.2113546369351322,
    "448_4": 2.2064780606340713,
    "622_3": 2.1960191124664807
}