{
    "2212_1": 9.128588065008215,
    "1193_1": 8.967011624824377,
    "2529_3": 8.953193835579345,
    "414_3": 8.304324937514874,
    "1837_3": 8.165561133053385,
    "1481_3": 7.413315574409037,
    "4157_1": 6.797284740290641,
    "2214_1": 6.3840862744325735,
    "53_3": 6.281878074849869,
    "889_4": 6.277547988012043,
    "2549_1": 5.614501176125374,
    "774_3": 5.520733514851161,
    "4666_3": 5.495180308824248,
    "1126_1": 5.233655400839937,
    "4943_1": 5.220313286027493,
    "2524_3": 5.1812282772454035,
    "4119_4": 4.98602931576582,
    "3219_1": 4.981726035402505,
    "1129_3": 4.818517593517593,
    "1868_1": 4.757178570081739,
    "1871_1": 4.698801853964203,
    "2526_3": 4.588745773822087,
    "3557_1": 4.420819458319459,
    "1244_2": 4.384865432573737,
    "3555_1": 4.37566571500395,
    "3878_1": 4.333300831442093,
    "1836_3": 4.332201057680598,
    "4629_4": 4.302000978897264,
    "4944_1": 4.192003580123659,
    "2547_1": 4.161157056519576
}