{
    "4666_3": 9.28604364545844,
    "4950_1": 7.400037595828596,
    "4943_1": 6.532955409584937,
    "4944_1": 6.41864190981259,
    "4940_1": 6.3683867668200245,
    "4946_1": 6.295637695637695,
    "4925_1": 6.146684440081935,
    "2873_3": 5.297600225120572,
    "3598_3": 5.288724293118236,
    "4949_1": 5.233951019183477,
    "53_3": 5.047635993224228,
    "3058_4": 5.010736157610419,
    "312_4": 4.566360222402177,
    "817_1": 4.516198793058525,
    "4948_1": 4.510137472650887,
    "49_3": 4.437464829856134,
    "2526_3": 4.277484038199907,
    "4922_1": 4.179274078412009,
    "774_3": 3.974574445162681,
    "4234_1": 3.8230269730269737,
    "4945_1": 3.7118898043820634,
    "1438_4": 3.710869196163314,
    "1117_3": 3.6130274104093134,
    "3947_3": 3.4568684623594232,
    "4656_3": 3.3806973929662276,
    "4667_3": 3.2723162486471833,
    "1193_1": 3.247831666555564,
    "3597_3": 3.089063499217962,
    "3227_1": 3.0294641343476987,
    "4671_3": 3.005386191484589,
    "4933_1": 2.8692277739539405,
    "4238_1": 2.857647907647907,
    "4923_1": 2.788998866630446,
    "776_3": 2.6581153988130732,
    "1833_3": 2.584142596533901,
    "414_3": 2.546069616657851,
    "4913_1": 2.543567951656186,
    "4657_3": 2.5275605943091475,
    "3954_3": 2.4463582197608558,
    "2868_1": 2.438003891171714,
    "3565_1": 2.4377344877344873,
    "2214_1": 2.4246392496392497,
    "392_3": 2.4028356475618136,
    "399_3": 2.3854538291609226,
    "114_1": 2.360964738371186,
    "3878_1": 2.3590523997173616,
    "2892_1": 2.338783846872082,
    "4304_3": 2.2957671957671955,
    "54_3": 2.288345899378508,
    "106_2": 2.2859620839443817
}