{
    "412_2": 3.1453840074062644,
    "293_2": 2.9628916664438956,
    "343_1": 2.8345230369519734,
    "1414_1": 2.822402523838078,
    "385_2": 2.795750815321051,
    "22_2": 2.5663356246545828,
    "1285_3": 2.4614507623053528,
    "1778_4": 2.4562513953776413,
    "357_1": 2.4435820348806034,
    "936_4": 2.413682517304396,
    "1806_1": 2.3987164866590738,
    "285_2": 2.3701460477510587,
    "1274_2": 2.3622773991812194,
    "58_1": 2.3228771521371865,
    "653_3": 2.2790498454706514,
    "57_2": 2.2782018954726304,
    "325_2": 2.2752871370649927,
    "1569_2": 2.274576399019608,
    "628_4": 2.247442772556413,
    "1606_4": 2.2471846557770534,
    "1375_3": 2.245999826452873,
    "1502_2": 2.244259069859051,
    "326_3": 2.241327223232028,
    "1511_2": 2.2311889018347255,
    "1243_4": 2.227162999156892,
    "55_3": 2.2021271212469014,
    "248_3": 2.201033391341264,
    "1673_1": 2.1988865194570772,
    "780_1": 2.195481264922589,
    "1787_4": 2.1948927445529174
}