{
    "4379_2": 3.79752539622475,
    "1674_4": 3.1043708742238154,
    "1593_3": 2.9835677740395745,
    "1214_3": 2.980734993009862,
    "4906_1": 2.926601584689821,
    "632_1": 2.80906051464875,
    "3599_3": 2.7917083194691386,
    "976_1": 2.7451209737974445,
    "3252_4": 2.744916484444349,
    "1992_1": 2.7441264688707134,
    "2061_2": 2.7379060827896473,
    "3111_3": 2.7362029911952512,
    "1295_1": 2.7311802963118756,
    "457_2": 2.7224302443342703,
    "709_4": 2.71801817672361,
    "2681_1": 2.6897822880021027,
    "2697_4": 2.6564225806872863,
    "3867_4": 2.6550971087735795,
    "177_2": 2.6546192913839977,
    "3250_3": 2.6515986483939775,
    "3714_4": 2.6212630781671034,
    "3053_3": 2.5550720965194653,
    "3329_3": 2.549329697301497,
    "3047_2": 2.5398797667760524,
    "346_2": 2.539797769820653,
    "1798_4": 2.5107232828726516,
    "3450_4": 2.5077448695095748,
    "3857_1": 2.4879315576896226,
    "3001_1": 2.4799639086403795,
    "816_4": 2.455296369026346
}