{
    "4582_3": 3.601098152158187,
    "346_2": 3.5842323612060456,
    "3618_2": 3.501188577504367,
    "4455_3": 3.3901509924000424,
    "4273_3": 3.37941384624434,
    "3111_3": 3.2976393489551388,
    "3599_3": 3.205776871592035,
    "2190_3": 3.204963696533895,
    "760_4": 3.188344127570732,
    "2250_3": 3.125070659474684
}