{
    "4943_1": 27.200247519217452,
    "4940_1": 25.93908144430327,
    "4941_1": 23.841562153782906,
    "4934_1": 22.467370440877502,
    "4946_1": 21.011718221402347,
    "4949_1": 18.832723965707515,
    "1193_1": 18.715515326281736,
    "4928_1": 17.471378375513275,
    "4942_1": 15.507102691993987,
    "1837_3": 15.09344498669952
}