{
    "4943_1": 27.200247519217452,
    "4940_1": 25.93908144430327,
    "4941_1": 23.841562153782906,
    "4934_1": 22.467370440877502,
    "4946_1": 21.011718221402347,
    "4949_1": 18.832723965707515,
    "1193_1": 18.715515326281736,
    "4928_1": 17.471378375513275,
    "4942_1": 15.507102691993987,
    "1837_3": 15.09344498669952,
    "53_3": 14.323882363405168,
    "2529_3": 11.984225961615984,
    "132_1": 11.582197211145932,
    "4944_1": 11.52454388682956,
    "4933_1": 11.444631621916157,
    "486_1": 11.120062562622776,
    "4922_1": 10.874769750548204,
    "774_3": 10.788747959588713,
    "1836_3": 10.788747959588713,
    "4923_1": 10.582926924571245,
    "1529_2": 10.083233563821798,
    "2180_3": 9.319317856844858,
    "2526_3": 9.219422834488864,
    "51_3": 9.083805588117107,
    "4924_1": 8.94833630187825,
    "3596_3": 8.941641716859403,
    "3233_1": 8.865412371283123,
    "1481_3": 8.657169510518,
    "3598_3": 8.60779884552347,
    "1833_3": 8.540658753650145,
    "49_3": 8.314095917444408,
    "485_1": 8.097663819335944,
    "1333_4": 7.889528459744151,
    "1480_3": 7.6153756157354255,
    "483_1": 7.520013199946996,
    "130_1": 7.506597943561923,
    "771_3": 7.479657169058291,
    "4242_1": 7.29850966227902,
    "778_4": 7.279870737005935,
    "4950_1": 7.236347414901842,
    "1868_1": 7.07826386394552,
    "3899_1": 6.837841630333887,
    "2892_1": 6.667561159245895,
    "4234_1": 6.361754450557929,
    "2210_1": 6.20253738480451,
    "3594_3": 6.002880913239496,
    "484_1": 5.976534108271394,
    "4948_1": 5.882638451558992,
    "211_4": 5.8100054848661795,
    "4935_1": 5.737679882660453
}