{
    "1431_1": 23.93186976110795,
    "214_2": 17.56256347230523,
    "54_1": 16.001557591470675,
    "1888_2": 14.566709824055927,
    "1107_2": 14.211544486462751,
    "1979_2": 13.64753440966614,
    "241_2": 13.329149937660313,
    "211_2": 11.520856814465679,
    "84_1": 10.903696747040643,
    "553_2": 10.873398381336077,
    "1399_1": 9.7293040796807,
    "732_1": 9.728465595042865,
    "1398_1": 9.490116092007886,
    "1428_1": 9.390874219025061,
    "81_1": 8.939492327763931,
    "1478_2": 8.902432121470815,
    "762_1": 8.335673916398282,
    "1167_4": 8.269550527383004,
    "1422_1": 8.238216483109085,
    "1421_1": 7.888110865162451,
    "1506_4": 7.865240652979576,
    "1891_2": 7.820969755218974,
    "7_1": 7.587169522830493,
    "1424_1": 7.5009218589967075,
    "601_2": 7.205084630418435,
    "138_2": 7.165475597799108,
    "1403_1": 7.129250367446227,
    "1479_2": 7.1270939844469225,
    "1034_2": 6.992341359593538,
    "1423_1": 6.9116700604698655
}