{
    "4678_4": 3.17066722234517,
    "2429_1": 2.9983434339577264,
    "1613_4": 2.989514838140748,
    "941_2": 2.9493898777419907,
    "793_3": 2.9453200146067013,
    "552_2": 2.937339469038508,
    "1414_3": 2.935311992910624,
    "3715_3": 2.894462714498942,
    "4935_4": 2.883481586160531,
    "3698_1": 2.872932607200134,
    "4971_3": 2.7660351450929745,
    "2159_1": 2.759096555367663,
    "2135_3": 2.667284244195737,
    "2911_2": 2.657081467079872,
    "4918_3": 2.628214002400201,
    "127_1": 2.61520962530154,
    "4619_4": 2.609012943739814,
    "4608_1": 2.5702288309860775,
    "1963_2": 2.558729989462179,
    "207_3": 2.520143572472118,
    "4527_1": 2.5177925562552472,
    "379_4": 2.403645134972123,
    "2474_3": 2.3395619357991855,
    "1576_1": 2.3184002954228276,
    "868_4": 2.316733785376481,
    "1356_1": 2.289646141681162,
    "275_1": 2.2660747169612785,
    "2369_4": 2.251741221899619,
    "3390_3": 2.2409841635013246,
    "2515_4": 2.2401870186769264
}