{
    "1193_1": 7.240742847562201,
    "312_4": 6.266238722981017,
    "1480_3": 5.290200171702413,
    "4928_1": 5.234199134199133,
    "2526_3": 5.131574886466192,
    "4940_1": 4.932456551269722,
    "53_3": 4.773396268407477,
    "4946_1": 4.575383742303465,
    "3934_3": 4.4995435219699935,
    "4119_4": 4.393737051259935,
    "889_4": 4.278054009547015,
    "746_1": 4.195495918359022,
    "49_3": 4.112553858158684,
    "1412_4": 3.9968004218004216,
    "3598_3": 3.9538236351024723,
    "4670_3": 3.942850886011264,
    "3596_3": 3.3936395116219678,
    "2975_1": 3.306607611658152,
    "1833_3": 3.205661087278735,
    "4666_3": 3.192968650372231,
    "4949_1": 3.1864779428232914,
    "4671_3": 3.1091542229700124,
    "2881_3": 3.0961170424010525,
    "2531_1": 3.012481859385884,
    "249_2": 2.992776961425582,
    "4310_3": 2.9923565469618105,
    "2785_1": 2.979373256635288,
    "3227_1": 2.979220779220779,
    "45_1": 2.9275214981097335,
    "2180_3": 2.8998848159064887
}