{
    "346_2": 3.505971405266735,
    "4379_2": 3.167193228392582,
    "1593_3": 3.087958733321838,
    "976_1": 3.0097183647106256,
    "3111_3": 2.9550405262092565,
    "4765_3": 2.910054217194572,
    "1992_1": 2.868781902100001,
    "4906_1": 2.8420777751660107,
    "709_4": 2.8220256888193576,
    "1295_1": 2.7867358518674314
}