{
    "3111_3": 3.6520681502879655,
    "1038_4": 3.602732974594094,
    "709_4": 3.5470331414371667,
    "1260_2": 3.3345983540023783,
    "2190_3": 3.2940970749216394,
    "1509_1": 3.2006314997875105,
    "4379_2": 3.195090040678276,
    "4471_2": 3.1728519086277718,
    "4455_3": 3.1724422636187355,
    "346_2": 3.156792114880351,
    "1295_1": 3.1363222733578775,
    "1848_4": 3.1361951189505377,
    "4024_4": 3.1062182097079125,
    "4884_4": 3.055561367596971,
    "2250_3": 3.022327597807138,
    "2975_3": 3.014574048242779,
    "2133_4": 2.9703199853122464,
    "1798_4": 2.9657573398029933,
    "1390_2": 2.961065249044789,
    "1769_3": 2.956867109498689,
    "3244_4": 2.9511329627860374,
    "4170_3": 2.9459673496438206,
    "4182_2": 2.933618139064119,
    "2357_1": 2.917703435195696,
    "2583_3": 2.903864191364192,
    "3618_2": 2.8828255078255083,
    "1562_3": 2.882300869065575,
    "3831_1": 2.8819556005233755,
    "3994_1": 2.86498375485958,
    "3463_2": 2.857603709499994
}