{
    "1660_1": 4.733333333333334,
    "3201_4": 4.333333333333334,
    "81_4": 3.9500000000000006,
    "3872_1": 3.9166666666666674,
    "4958_3": 3.9166666666666674,
    "304_4": 3.866666666666667,
    "35_1": 3.8333333333333335,
    "3935_2": 3.8333333333333335,
    "4806_3": 3.8333333333333335,
    "569_4": 3.666666666666667,
    "1611_4": 3.666666666666667,
    "4347_2": 3.6166666666666667,
    "29_1": 3.5833333333333335,
    "4207_4": 3.5833333333333335,
    "194_3": 3.5333333333333337,
    "4871_3": 3.5,
    "324_4": 3.3333333333333335,
    "1706_1": 3.333333333333333,
    "4654_4": 3.2500000000000004,
    "4246_4": 3.25,
    "66_3": 3.166666666666667,
    "3915_4": 3.166666666666667,
    "3718_2": 3.1666666666666665,
    "194_4": 3.1666666666666665,
    "722_1": 3.1166666666666663,
    "4268_1": 3.0833333333333335,
    "2578_3": 3.0833333333333335,
    "575_4": 3.0595238095238098,
    "2579_4": 3.0333333333333337,
    "2837_1": 3.0000000000000004
}