{
    "1726_3": 2.8452507083436838,
    "1405_1": 2.66180085020156,
    "271_3": 2.63297287595322,
    "4744_1": 2.622123496424156,
    "1496_1": 2.5107020323664733,
    "4785_3": 2.5041067766549556,
    "3191_4": 2.4498151758191025,
    "3068_4": 2.4442178027256625,
    "3083_3": 2.433268082890568,
    "112_2": 2.4000343554597756,
    "3916_3": 2.3862319735163795,
    "1028_3": 2.3840915040104953,
    "277_3": 2.3823750481034796,
    "330_2": 2.3108013238655363,
    "4918_1": 2.3107365291551685,
    "462_1": 2.3003273358916028,
    "4491_1": 2.278713558615675,
    "4681_3": 2.273080627284614,
    "384_4": 2.269989826391016,
    "4372_3": 2.250182153926029,
    "2423_4": 2.240713259058036,
    "4019_2": 2.2290639295640142,
    "265_2": 2.2272892681846383,
    "2626_3": 2.217787087119716,
    "2833_2": 2.2104543871158855,
    "2711_2": 2.204534642818658,
    "1953_4": 2.1886692214201577,
    "3617_4": 2.181553846654988,
    "164_4": 2.174947284176695,
    "4487_1": 2.174538449427889
}