{
    "1726_3": 3.4979008147801216,
    "4744_1": 3.163073244458098,
    "2156_4": 2.8974082054521344,
    "3351_4": 2.8401592942019374,
    "2626_3": 2.7569396132716153,
    "2674_1": 2.7165855676525394,
    "2610_4": 2.7031270965640983,
    "851_3": 2.700660394869317,
    "4222_3": 2.6954263778342864,
    "782_4": 2.68372367320863,
    "138_1": 2.6833190456595704,
    "3916_3": 2.6728853318489683,
    "1701_1": 2.6710660084473803,
    "1441_4": 2.663540468861737,
    "297_3": 2.650343583892079,
    "1127_2": 2.624771791103919,
    "2125_2": 2.5703597706015806,
    "2392_2": 2.567278832699412,
    "164_4": 2.5637390783223175,
    "3817_1": 2.5448060640263845,
    "3799_1": 2.535864023729332,
    "330_2": 2.525530858341202,
    "1150_1": 2.5241311830722717,
    "1599_2": 2.5151264282554213,
    "3622_4": 2.5136766133169677,
    "481_3": 2.511128608298987,
    "4971_1": 2.5086619650023665,
    "1094_1": 2.5045282758526706,
    "1763_1": 2.496691495278208,
    "1725_3": 2.483790803369049
}