{
    "4582_3": 3.601098152158187,
    "346_2": 3.5842323612060456,
    "3618_2": 3.501188577504367,
    "4455_3": 3.3901509924000424,
    "4273_3": 3.37941384624434,
    "3111_3": 3.2976393489551388,
    "3599_3": 3.205776871592035,
    "2190_3": 3.204963696533895,
    "760_4": 3.188344127570732,
    "2250_3": 3.125070659474684,
    "302_4": 3.112380530197531,
    "457_2": 3.100783345955492,
    "709_4": 3.036887132475368,
    "1043_2": 3.02717109567142,
    "2357_1": 3.0155051160856114,
    "529_4": 2.9989573721771876,
    "4637_1": 2.9682302127696873,
    "1769_3": 2.959124471160075,
    "3682_3": 2.9485385649968703,
    "1536_2": 2.9478248059130414
}