{
    "4582_3": 3.601098152158187,
    "346_2": 3.5842323612060456,
    "3618_2": 3.501188577504367,
    "4455_3": 3.3901509924000424,
    "4273_3": 3.37941384624434,
    "3111_3": 3.2976393489551388,
    "3599_3": 3.205776871592035,
    "2190_3": 3.204963696533895,
    "760_4": 3.188344127570732,
    "2250_3": 3.125070659474684,
    "302_4": 3.112380530197531,
    "457_2": 3.100783345955492,
    "709_4": 3.036887132475368,
    "1043_2": 3.02717109567142,
    "2357_1": 3.0155051160856114,
    "529_4": 2.9989573721771876,
    "4637_1": 2.9682302127696873,
    "1769_3": 2.959124471160075,
    "3682_3": 2.9485385649968703,
    "1536_2": 2.9478248059130414,
    "2583_3": 2.9241035710075964,
    "2322_4": 2.8961038275972992,
    "3597_4": 2.887567385398206,
    "1390_2": 2.8648651786809682,
    "4379_2": 2.8608663395428104,
    "1214_3": 2.8476004387769094,
    "4353_2": 2.812497004423912,
    "1509_1": 2.805595309403359,
    "229_2": 2.804738142055917,
    "1556_1": 2.79289680907328,
    "451_2": 2.785841364517835,
    "3714_4": 2.7831158607474396,
    "1260_2": 2.782436090978047,
    "4623_3": 2.770506759322549,
    "955_2": 2.7624735343775595,
    "2955_2": 2.760945019033254,
    "4884_4": 2.7594039732197624,
    "4229_1": 2.7567530959151854,
    "2509_4": 2.753697334474738,
    "254_1": 2.748707095361445
}