{
    "346_2": 4.2103257122993965,
    "2250_3": 4.176498806491066,
    "3618_2": 4.173953823953823,
    "3794_5": 4.13153953889248,
    "760_4": 4.098681524092339,
    "2116_6": 4.088518731010991,
    "2190_3": 3.992838729997164,
    "202_6": 3.8620785187651525,
    "4582_3": 3.7407886087604085,
    "4273_3": 3.734830233918792,
    "4379_2": 3.726587138351844,
    "1593_3": 3.6963747924425667,
    "2955_2": 3.686290914967386,
    "4455_3": 3.6803616589264987,
    "3599_3": 3.658465746184934,
    "1214_3": 3.6204470366235073,
    "3086_3": 3.6165509327274035,
    "1733_2": 3.570390454059185,
    "529_4": 3.564105132913183,
    "4052_4": 3.531217116217117,
    "2583_3": 3.4994564044486656,
    "4363_6": 3.4964969527040473,
    "3597_4": 3.489128732547789,
    "3871_5": 3.4682966657811867,
    "2656_6": 3.4673524259202,
    "457_2": 3.44213582411104,
    "3111_3": 3.433786535102325,
    "709_4": 3.4205881984344986,
    "2357_1": 3.4050040974963576,
    "1509_1": 3.388191859391214
}