{
    "2759_1": 2.9558431105185785,
    "1726_3": 2.8459219822519053,
    "1701_1": 2.7490922267845472,
    "208_3": 2.7176165698414083,
    "1028_3": 2.69336624425987,
    "2626_3": 2.6607382488443583,
    "1405_1": 2.6539474675287233,
    "3916_3": 2.6161457636513554,
    "955_2": 2.6092104280318087,
    "265_2": 2.603072016584473,
    "2423_4": 2.5879375840729444,
    "3200_3": 2.5839550972565744,
    "1775_4": 2.582867728583597,
    "4290_3": 2.5447609667022912,
    "1230_1": 2.5437606517574682,
    "2674_1": 2.5369920834950923,
    "1208_2": 2.52251394007992,
    "3351_4": 2.515747150905694,
    "330_2": 2.5112217250079567,
    "92_2": 2.503039379156927,
    "170_4": 2.50279797520889,
    "3717_2": 2.500499303633305,
    "2922_1": 2.4995676954711907,
    "1644_2": 2.467006715775528,
    "3823_1": 2.449188140672132,
    "3820_1": 2.4484346567821045,
    "2622_4": 2.441588132341377,
    "1778_4": 2.43054671918275,
    "2490_4": 2.423760882486527,
    "1872_3": 2.4215144147296863
}