{
    "5235_3": 3.993358804078619,
    "7351_4": 3.303920141195011,
    "3109_1": 3.0924356531554675,
    "407_4": 3.057273295384414,
    "1991_3": 3.013903799383339,
    "7239_3": 2.958077143181508,
    "4979_4": 2.8673236850868427,
    "9527_3": 2.8287433756474014,
    "7396_1": 2.76811601991135,
    "9691_3": 2.7234991315873676,
    "940_1": 2.702808607800868,
    "8103_3": 2.689753347011412,
    "4564_1": 2.6617811986774838,
    "667_1": 2.6606052117816823,
    "5299_1": 2.646218830397724,
    "2038_4": 2.589061258247891,
    "9248_3": 2.5822820295646385,
    "9922_4": 2.5800432699345746,
    "5675_3": 2.5286657786657787,
    "8686_3": 2.5273718354752135,
    "3612_2": 2.5223360602897813,
    "3613_4": 2.5053116603039203,
    "2339_2": 2.5050047175047174,
    "3558_1": 2.502931012915533,
    "4227_2": 2.496195249763024,
    "7003_4": 2.496070079158315,
    "7915_2": 2.47979365405836,
    "3986_2": 2.4767768780926684,
    "2147_1": 2.45458608579318,
    "2792_4": 2.4274636368676625
}