{
    "875_3": 12.83391514873045,
    "398_4": 11.17778825605837,
    "872_3": 10.585741694347602,
    "952_4": 10.238351560389303,
    "943_4": 9.652981458778251,
    "953_4": 9.10393011745642,
    "944_4": 8.285667225435283,
    "484_3": 8.124895690974215,
    "113_2": 7.933475124896986,
    "945_4": 7.903195987365663,
    "871_3": 7.547300988328818,
    "488_3": 7.464452657598941,
    "114_4": 7.448509609928231,
    "873_3": 7.168471381887768,
    "116_4": 7.123742297441749,
    "942_4": 6.967510748915542,
    "862_2": 6.898040564627829,
    "941_4": 6.781608245621735,
    "939_4": 6.710967449323043,
    "513_2": 6.661832446751116,
    "663_4": 6.513157598112103,
    "7_4": 6.4427790753802086,
    "856_2": 6.431846043450003,
    "685_2": 6.2617000836395995,
    "874_3": 6.235222663598352,
    "933_4": 6.19803280342209,
    "661_4": 6.140987553295179,
    "501_2": 6.031202505212829,
    "396_4": 6.010110729552036,
    "144_3": 5.963760608032378
}