{
    "2022_2": 9.416666666666668,
    "3651_4": 9.416666666666666,
    "4741_2": 9.333333333333334,
    "4413_4": 9.333333333333334,
    "4865_4": 9.166666666666668,
    "699_2": 9.083333333333334,
    "2513_4": 9.000000000000002,
    "1256_4": 9.0,
    "1205_4": 9.0,
    "4084_4": 9.0,
    "2521_4": 9.0,
    "490_4": 9.0,
    "1367_2": 8.833333333333332,
    "1355_4": 8.583333333333332,
    "4739_2": 8.5,
    "838_4": 8.416666666666668,
    "2137_4": 8.333333333333334,
    "428_4": 8.333333333333332,
    "1349_4": 8.333333333333332,
    "1749_4": 8.166666666666666,
    "4975_4": 8.0,
    "4515_4": 8.0,
    "3279_4": 7.999999999999999,
    "4773_2": 7.75,
    "4011_4": 7.666666666666667,
    "2671_2": 7.666666666666666,
    "2119_4": 7.666666666666666,
    "127_1": 7.583333333333333,
    "75_4": 7.5,
    "2446_4": 7.5
}