{
    "228_4": 4.191942824200889,
    "216_4": 4.189907737265482,
    "201_2": 4.181701833598119,
    "323_1": 4.00055768826493,
    "217_4": 3.662258574758574,
    "230_2": 3.0593661529339276,
    "486_3": 2.9877858252858256,
    "294_1": 2.9424051365917703,
    "212_2": 2.7829659881475406,
    "399_4": 2.5701957252050014,
    "281_4": 2.5546104837664942,
    "416_1": 2.3197112527994883,
    "62_3": 2.2872362278244633,
    "436_3": 2.2135396942003953,
    "441_3": 2.139095349095349,
    "288_4": 2.136383755133755,
    "458_4": 2.092663160795838,
    "330_2": 2.0510680240475634,
    "185_2": 2.048421899737689,
    "226_4": 2.0297837584623624,
    "285_4": 1.994289528554234,
    "315_4": 1.9767177267177265,
    "439_3": 1.8392607392607392,
    "321_1": 1.7938908659803126,
    "313_3": 1.7835497835497836,
    "149_3": 1.7359101845866558,
    "327_1": 1.7343429893951712,
    "230_4": 1.7127917833800186,
    "185_3": 1.7040056134096382,
    "420_1": 1.701482245189339
}