{
    "4944_1": 30.126093004768062,
    "4934_1": 21.549495701984693,
    "53_3": 20.813815373161244,
    "1193_1": 18.705750867914464,
    "4941_1": 18.13093306694219,
    "4928_1": 16.9510678606689,
    "1837_3": 16.741444443241516,
    "4950_1": 15.818219113935639,
    "4949_1": 14.907240439771638,
    "4940_1": 13.883621115963368,
    "2529_3": 13.561056139492528,
    "4946_1": 13.221475041279954,
    "4943_1": 12.72240661727849,
    "2892_1": 12.627069475433688,
    "2881_3": 12.036816899422998,
    "4933_1": 12.007325962009793,
    "132_1": 11.957263667592672,
    "4922_1": 11.550804826059897,
    "486_1": 11.529395965758585,
    "1836_3": 11.209149798601688,
    "774_3": 11.209149798601688,
    "414_3": 11.133538073725258,
    "3899_1": 11.078843991803549,
    "2180_3": 10.715990136326253,
    "1529_2": 10.380883207779489,
    "4234_1": 10.356147726715973,
    "1833_3": 10.211686721303014,
    "3233_1": 10.05821585980443,
    "3596_3": 9.993629565228398,
    "4942_1": 9.908911598041788
}