{
    "346_2": 3.505971405266735,
    "4379_2": 3.167193228392582,
    "1593_3": 3.087958733321838,
    "976_1": 3.0097183647106256,
    "3111_3": 2.9550405262092565,
    "4765_3": 2.910054217194572,
    "1992_1": 2.868781902100001,
    "4906_1": 2.8420777751660107,
    "709_4": 2.8220256888193576,
    "1295_1": 2.7867358518674314,
    "1515_3": 2.785712554734051,
    "3599_3": 2.685414613175432,
    "1214_3": 2.6730940973894266,
    "3252_4": 2.667993407521272,
    "4884_4": 2.592331639235664,
    "2681_1": 2.5304208161406314,
    "3714_4": 2.5255454186336546,
    "1332_4": 2.4982792768470525,
    "3092_4": 2.4926131144397403,
    "3047_2": 2.4810562373642875,
    "2409_1": 2.4626107542675078,
    "1798_4": 2.456699289436894,
    "2536_2": 2.455833320683326,
    "3053_3": 2.4555350594824286,
    "1249_1": 2.4383003075878964,
    "457_2": 2.4380813630813627,
    "3250_3": 2.430342609746635,
    "1629_1": 2.404805207916327,
    "3329_3": 2.391965136574867,
    "632_1": 2.3901752332634687,
    "868_2": 2.380676441310443,
    "3450_4": 2.365097810686046,
    "3597_4": 2.362715672700192,
    "3545_3": 2.35912595602998,
    "1020_4": 2.3489818360174404,
    "3159_2": 2.3407678870836772,
    "4682_3": 2.339569436062907,
    "3244_4": 2.3064808729282418,
    "2061_2": 2.2960516953470242,
    "1062_3": 2.291710671733556,
    "4801_3": 2.2867296560172448,
    "2471_3": 2.2594418381183092,
    "3486_3": 2.2323880857704386,
    "2190_3": 2.224842262365146,
    "2697_4": 2.2095648632413334,
    "3857_1": 2.2074675772256414,
    "3942_4": 2.19718092977794,
    "2555_2": 2.1928973189879772,
    "631_4": 2.191370780544311,
    "3463_2": 2.185570698651194
}