{
    "346_2": 3.505971405266735,
    "4379_2": 3.167193228392582,
    "1593_3": 3.087958733321838,
    "976_1": 3.0097183647106256,
    "3111_3": 2.9550405262092565,
    "4765_3": 2.910054217194572,
    "1992_1": 2.868781902100001,
    "4906_1": 2.8420777751660107,
    "709_4": 2.8220256888193576,
    "1295_1": 2.7867358518674314,
    "1515_3": 2.785712554734051,
    "3599_3": 2.685414613175432,
    "1214_3": 2.6730940973894266,
    "3252_4": 2.667993407521272,
    "4884_4": 2.592331639235664,
    "2681_1": 2.5304208161406314,
    "3714_4": 2.5255454186336546,
    "1332_4": 2.4982792768470525,
    "3092_4": 2.4926131144397403,
    "3047_2": 2.4810562373642875
}