{
    "535_3": 2.936932011588783,
    "328_3": 2.71991331935116,
    "421_1": 2.6300289660855993,
    "29_2": 2.627338555194392,
    "316_4": 2.6208080336397113,
    "684_2": 2.5555103009000284,
    "61_4": 2.5530043843177643,
    "291_4": 2.4757133726238036,
    "644_2": 2.437526284765782,
    "394_1": 2.413249684928054,
    "105_4": 2.3947475316001623,
    "370_4": 2.3659838048744875,
    "598_4": 2.3561770385230973,
    "706_1": 2.346691749024615,
    "86_4": 2.3246211260311975,
    "70_1": 2.3064483020448754,
    "53_3": 2.3044787002416096,
    "253_2": 2.279378311593731,
    "166_2": 2.261560928654582,
    "18_1": 2.249751083123955,
    "741_3": 2.2128457016146394,
    "762_1": 2.203121503558137,
    "159_1": 2.1989598186976558,
    "162_2": 2.1970969198533483,
    "230_4": 2.196916868906897,
    "41_3": 2.1932417156767254,
    "715_2": 2.1517205895269154,
    "246_2": 2.1391414527032357,
    "24_1": 2.1363355757297344,
    "436_1": 2.1314318604829157
}