{
    "4054_2": 9.0,
    "4049_2": 6.5,
    "4894_1": 6.166666666666667,
    "2022_2": 6.0,
    "4011_4": 6.0,
    "1205_4": 6.0,
    "4084_4": 6.0,
    "1620_4": 6.0,
    "4741_2": 5.833333333333333,
    "2039_2": 5.5,
    "2706_2": 5.5,
    "698_2": 5.5,
    "428_4": 5.5,
    "2881_4": 5.5,
    "2846_4": 5.333333333333334,
    "4062_2": 5.333333333333333,
    "405_4": 5.333333333333333,
    "1697_4": 5.333333333333333,
    "2396_4": 5.25,
    "4899_4": 5.0,
    "4584_1": 4.833333333333334,
    "2042_2": 4.833333333333334,
    "861_4": 4.833333333333334,
    "843_4": 4.666666666666667,
    "4740_2": 4.5,
    "23_2": 4.5,
    "74_4": 4.5,
    "871_4": 4.5,
    "4061_2": 4.333333333333333,
    "2707_2": 4.0
}