{
    "8712_1": 2.739931606014602,
    "7208_1": 2.657539170554066,
    "7046_4": 2.611389945689015,
    "4936_3": 2.607559655802149,
    "5315_2": 2.473323019841579,
    "8986_1": 2.472365953177715,
    "2366_4": 2.472365255131144,
    "5234_2": 2.4563103089957314,
    "9860_1": 2.456119630383327,
    "4029_3": 2.455353876802315,
    "9620_3": 2.43835064400841,
    "8456_1": 2.4251160265832836,
    "1581_3": 2.3755291421041442,
    "7860_4": 2.374226288981203,
    "7057_1": 2.3716594021458084,
    "1596_2": 2.3700412252788294,
    "5236_3": 2.3655722558008447,
    "606_1": 2.3431446026333544,
    "9170_2": 2.325754658286818,
    "499_3": 2.325399413665331,
    "976_3": 2.3016329567290494,
    "9456_3": 2.2975642305753294,
    "2767_2": 2.294535261153696,
    "4031_2": 2.275181190513613,
    "296_2": 2.272857212673327,
    "8417_4": 2.269395108727737,
    "8485_2": 2.2693498902285585,
    "2486_4": 2.2599439495239153,
    "8944_3": 2.2563976224371687,
    "8933_3": 2.2516175943703414
}