{
    "4943_1": 27.200247519217452,
    "4940_1": 25.93908144430327,
    "4941_1": 23.841562153782906,
    "4934_1": 22.467370440877502,
    "4946_1": 21.011718221402347,
    "4949_1": 18.832723965707515,
    "1193_1": 18.715515326281736,
    "4928_1": 17.471378375513275,
    "4942_1": 15.507102691993987,
    "1837_3": 15.09344498669952,
    "53_3": 14.323882363405168,
    "2529_3": 11.984225961615984,
    "132_1": 11.582197211145932,
    "4944_1": 11.52454388682956,
    "4933_1": 11.444631621916157,
    "486_1": 11.120062562622776,
    "4922_1": 10.874769750548204,
    "774_3": 10.788747959588713,
    "1836_3": 10.788747959588713,
    "4923_1": 10.582926924571245
}