{
    "3111_3": 3.6455635437833585,
    "346_2": 3.6420666751549104,
    "1509_1": 3.587256803261651,
    "2190_3": 3.4962115927330886,
    "4379_2": 3.4445122687769754,
    "1043_2": 3.438933436009275,
    "2250_3": 3.402246187129753,
    "3682_3": 3.3504095749451785,
    "2322_4": 3.307614146770157,
    "4455_3": 3.2456856381778993,
    "2200_1": 3.158343819063634,
    "1424_2": 3.142580050668286,
    "2651_2": 3.033559275486183,
    "3500_3": 3.029954664358689,
    "2482_2": 2.991454663838229,
    "4884_4": 2.9875867983066127,
    "457_2": 2.963828696691802,
    "2583_3": 2.936493620758327,
    "1260_2": 2.935396935876475,
    "2912_4": 2.928229551903087,
    "1877_2": 2.9269741369741373,
    "709_4": 2.923943132031368,
    "3179_1": 2.914275521981227,
    "2757_3": 2.9066071785112033,
    "449_2": 2.904920561259234,
    "2357_1": 2.884409762350939,
    "172_4": 2.882074229457794,
    "1214_3": 2.860553028290633,
    "1556_1": 2.856018306598802,
    "1088_1": 2.8531954922521545
}