{
    "201_2": 8.903403748533426,
    "323_1": 8.49356465936774,
    "327_1": 8.232704033350728,
    "150_4": 7.165303222694164,
    "242_2": 6.961796363005426,
    "244_2": 6.524296494564557,
    "326_1": 6.4293937132625025,
    "197_2": 6.2224886280132115,
    "322_1": 6.167262794646141,
    "143_4": 5.968003834149034,
    "297_1": 5.867160289125966,
    "198_2": 5.742112992076377,
    "230_2": 5.710263957823163,
    "340_1": 5.586658258249424,
    "212_2": 5.51754387004063,
    "142_4": 5.510471352646301,
    "196_2": 5.474925536413743,
    "321_1": 5.382198499871207,
    "307_1": 4.9447885650319785,
    "195_2": 4.853176432258454,
    "160_2": 4.695674091731001,
    "185_3": 4.609454746310373,
    "191_2": 4.323067934852426,
    "217_4": 4.200820440542153,
    "175_3": 4.192865712465767,
    "159_2": 4.1103831610234005,
    "194_2": 4.006918237778745,
    "209_2": 4.002846378006259,
    "161_4": 3.9947060047436476,
    "317_4": 3.8127740119234343
}