{
    "4666_3": 9.28604364545844,
    "4950_1": 7.400037595828596,
    "4943_1": 6.532955409584937,
    "4944_1": 6.41864190981259,
    "4940_1": 6.3683867668200245,
    "4946_1": 6.295637695637695,
    "4925_1": 6.146684440081935,
    "2873_3": 5.297600225120572,
    "3598_3": 5.288724293118236,
    "4949_1": 5.233951019183477,
    "53_3": 5.047635993224228,
    "3058_4": 5.010736157610419,
    "312_4": 4.566360222402177,
    "817_1": 4.516198793058525,
    "4948_1": 4.510137472650887,
    "49_3": 4.437464829856134,
    "2526_3": 4.277484038199907,
    "4922_1": 4.179274078412009,
    "774_3": 3.974574445162681,
    "4234_1": 3.8230269730269737
}