{
    "4950_1": 15.56476686757599,
    "4943_1": 14.361063309596853,
    "4118_6": 12.524262288037368,
    "4944_1": 11.947128314475464,
    "4940_1": 11.177552195711618,
    "4666_3": 10.971086788589815,
    "4946_1": 10.839850835439064,
    "4925_1": 10.003008671406166,
    "3598_3": 9.034777259759435,
    "1730_5": 8.38690901445698,
    "210_6": 8.318310448538076,
    "53_3": 7.48477159183041,
    "4948_1": 7.460429241649748,
    "4474_6": 7.407254673431143,
    "2900_5": 6.88057436402404,
    "774_3": 6.861919949899488,
    "586_5": 6.675438771182206,
    "3401_6": 6.660459414914346,
    "3201_5": 6.600018168106401,
    "49_3": 6.512880100859638,
    "4138_5": 6.2301183900951695,
    "2020_5": 6.026375142029163,
    "817_1": 5.890549442409172,
    "414_3": 5.838522719110952,
    "4922_1": 5.829176381990783,
    "4464_5": 5.797661916923685,
    "4830_6": 5.790671873029547,
    "4949_1": 5.73196689219935,
    "3195_5": 5.700098654355618,
    "2526_3": 5.647264257980128
}