{
    "346_2": 3.425098186413977,
    "4379_2": 3.339050945838535,
    "632_1": 3.028703371791608,
    "4906_1": 2.9404904735787087,
    "1593_3": 2.913423954375294,
    "4765_3": 2.880689137829492,
    "3111_3": 2.861450782619513,
    "976_1": 2.852142607134868,
    "709_4": 2.844962429498034,
    "1515_3": 2.792221269331,
    "2061_2": 2.7770905542321835,
    "3599_3": 2.773876151636971,
    "1992_1": 2.7561144808587255,
    "3250_3": 2.7504875372828668,
    "2681_1": 2.652745250965066,
    "1214_3": 2.605837274405049,
    "3329_3": 2.6001132847230153,
    "3545_3": 2.5967684061724303,
    "4884_4": 2.594557197188776,
    "3252_4": 2.5877514720374006,
    "3047_2": 2.540491143703219,
    "457_2": 2.52756264054218,
    "3053_3": 2.509617551064921,
    "1295_1": 2.461735851867431,
    "1604_4": 2.4291594770225813,
    "1044_1": 2.412700780107228,
    "3597_4": 2.406283261025846,
    "4637_1": 2.3870497923129506,
    "3450_4": 2.3784500415305363,
    "2190_3": 2.3696391074841325
}