{
    "1726_3": 2.8891522496365294,
    "4744_1": 2.5554064362512134,
    "330_2": 2.544014950408809,
    "1028_3": 2.5045174016422758,
    "1405_1": 2.414076028820553,
    "4785_3": 2.413345019255267,
    "368_4": 2.4084509186464214,
    "3509_2": 2.343727436341719,
    "164_4": 2.3397502117588576,
    "1582_1": 2.3081834638925307,
    "2626_3": 2.3078245795836794,
    "941_2": 2.3047720535381964,
    "277_3": 2.3042419282364888,
    "2423_4": 2.283901762304589,
    "112_2": 2.277432915978542,
    "3068_4": 2.266285140546374,
    "1953_4": 2.2562551850909838,
    "384_4": 2.251023773474659,
    "271_3": 2.250674945454027,
    "1837_4": 2.2266425482320424,
    "4918_1": 2.2247186399416226,
    "1441_4": 2.22359929314636,
    "4487_1": 2.2168719928553084,
    "4771_2": 2.213432953950054,
    "3617_4": 2.1963542418301722,
    "265_2": 2.184783856929227,
    "3916_3": 2.1578889597240547,
    "1496_1": 2.127553375374003,
    "320_1": 2.1262283358412635,
    "1127_2": 2.1242769337046505
}