{
    "204_4": 2.9511830492635442,
    "158_3": 2.9293584550124807,
    "312_3": 2.7046142582907295,
    "210_2": 2.6082853900149296,
    "400_2": 2.595999284531893,
    "336_1": 2.585834018922254,
    "494_2": 2.5838207114522906,
    "56_4": 2.474293104556262,
    "244_4": 2.4669046281039826,
    "76_2": 2.457597303208422,
    "47_3": 2.4575968750891346,
    "175_1": 2.4285936846614598,
    "452_3": 2.4251304251304258,
    "164_3": 2.3511570129217185,
    "29_3": 2.3388712594594954,
    "190_1": 2.312028146432171,
    "76_3": 2.3008056556969603,
    "322_2": 2.294881918284555,
    "431_1": 2.290995300995301,
    "467_3": 2.2826905395945642,
    "200_1": 2.2677170681707888,
    "231_3": 2.234968218056453,
    "9_2": 2.20402463034042,
    "166_4": 2.2004349816849813,
    "342_4": 2.1890152932722584,
    "115_1": 2.1623165261474586,
    "424_1": 2.134925510506006,
    "88_3": 2.134396056300081,
    "208_3": 2.1051660757543114,
    "11_1": 2.1020699888346948
}