{
    "1405_1": 2.8508784478211138,
    "1726_3": 2.744770282971954,
    "4744_1": 2.5703226830512005,
    "271_3": 2.5508128645838823,
    "2626_3": 2.5277721320312314,
    "330_2": 2.504329164784682,
    "3083_3": 2.4878977125201986,
    "3068_4": 2.4841924199455887,
    "1582_1": 2.4796221168604196,
    "368_4": 2.47898603262381,
    "3916_3": 2.476988387177811,
    "1441_4": 2.4598953418688785,
    "2423_4": 2.4228932313618476,
    "941_2": 2.4080397409310588,
    "1837_4": 2.394761413740551,
    "4706_4": 2.393135270522039,
    "4785_3": 2.388058951743033,
    "782_4": 2.3850057898035413,
    "1028_3": 2.3777151679282773,
    "3191_4": 2.3559586619625885,
    "122_2": 2.3155043732601346,
    "4372_3": 2.3147503696491563,
    "2833_2": 2.291965653627152,
    "4681_3": 2.2878496149712215,
    "1953_4": 2.2460131194461046,
    "710_3": 2.2323013796640656,
    "2229_4": 2.228872088180434,
    "277_3": 2.2104912041088416,
    "384_4": 2.195713119888143,
    "3757_1": 2.194858766324939
}