{
    "1805_2": 35.19854090019231,
    "3993_2": 30.116269615700354,
    "1529_2": 26.29732980162859,
    "4946_1": 22.7377982909091,
    "1526_2": 21.91197301474753,
    "968_2": 21.823373298442093,
    "1247_2": 21.269004488972936,
    "1527_2": 20.686691918452176,
    "53_3": 20.683615958887994,
    "971_2": 19.010632000962264,
    "2881_3": 17.01735556700872,
    "4944_1": 15.98245359991035,
    "4943_1": 14.032861200263643,
    "1442_1": 13.638480729099246,
    "2892_1": 12.617387692287053,
    "1244_2": 12.590752053139644,
    "4329_1": 12.200384506735714,
    "95_2": 11.948089937696938,
    "1837_3": 11.880740487901381,
    "4950_1": 11.860628189370365,
    "4940_1": 11.690457876111553,
    "3227_1": 11.43775189776984,
    "2065_2": 11.368817438563363,
    "1243_2": 11.11469779163591,
    "959_2": 11.03520290393635,
    "54_3": 10.960689498204639,
    "4949_1": 10.763018696927013,
    "91_2": 10.634043262367392,
    "1193_1": 10.460446570798991,
    "4925_1": 10.389720432568256
}