{
    "2423_4": 4.104364866978146,
    "368_4": 4.004814210975946,
    "1405_1": 3.909096712455656,
    "3513_5": 3.8878907252238477,
    "3863_6": 3.8872979303106168,
    "1441_4": 3.8588018321794357,
    "4785_3": 3.827428737647455,
    "4643_4": 3.8024178090226646,
    "230_6": 3.788298384166805,
    "761_6": 3.7705126148508303,
    "941_2": 3.766574516419912,
    "112_2": 3.720966409939266,
    "1191_6": 3.7024264293399916,
    "4706_4": 3.684099344340413,
    "167_4": 3.667538119555808,
    "3492_6": 3.6610528307810046,
    "384_4": 3.6551087997759053,
    "2626_3": 3.652187158041282,
    "4595_5": 3.650675239128445,
    "2154_5": 3.643187743918767,
    "657_3": 3.6317257637009086,
    "452_5": 3.6275704830937188,
    "1028_3": 3.6119441118065874,
    "1442_3": 3.6077231817110453,
    "1183_6": 3.599104454243551,
    "3916_3": 3.5882929381923736,
    "4918_1": 3.5792199530735656,
    "3520_1": 3.576946748898735,
    "2752_4": 3.5723474972033813,
    "2344_3": 3.568197428712319
}