{
    "1405_1": 2.7600388078715663,
    "2626_3": 2.5786260085468724,
    "4744_1": 2.558080501953804,
    "271_3": 2.5497618962073987,
    "3916_3": 2.5188200395196256,
    "1726_3": 2.443780935343401,
    "3068_4": 2.424871317371113,
    "1441_4": 2.410299356131589,
    "1028_3": 2.4076920048168784,
    "4305_1": 2.3891459659719256
}