{
    "1405_1": 2.7600388078715663,
    "2626_3": 2.5786260085468724,
    "4744_1": 2.558080501953804,
    "271_3": 2.5497618962073987,
    "3916_3": 2.5188200395196256,
    "1726_3": 2.443780935343401,
    "3068_4": 2.424871317371113,
    "1441_4": 2.410299356131589,
    "1028_3": 2.4076920048168784,
    "4305_1": 2.3891459659719256,
    "384_4": 2.3736281857827484,
    "368_4": 2.3728128539506312,
    "462_1": 2.360457787069545,
    "2833_2": 2.3597779038697433,
    "4785_3": 2.3390671092804256,
    "4681_3": 2.284381810845522,
    "330_2": 2.2776671432313567,
    "1837_4": 2.2750290803575663,
    "112_2": 2.2656490789005863,
    "3617_4": 2.2591462933064346
}