{
    "5235_3": 4.78679504619907,
    "1861_1": 3.9822688780869786,
    "2108_4": 3.8217143967143965,
    "1212_4": 3.80291267040493,
    "6020_1": 3.7720389975185373,
    "1111_2": 3.573561161061162,
    "2038_4": 3.5702052032934395,
    "3986_2": 3.5577616283498648,
    "2529_3": 3.4934987071751777,
    "3918_4": 3.3819910662557713,
    "7351_4": 3.367116610823706,
    "4979_4": 3.28391696023275,
    "8358_1": 3.271397024028604,
    "6214_4": 3.243457182017217,
    "6889_4": 3.231172422348894,
    "2126_2": 3.227453102453103,
    "2654_3": 3.2082435538317897,
    "7590_1": 3.204795115893515,
    "1256_3": 3.1929093853006916,
    "2219_4": 3.1530275280275286,
    "1767_1": 3.145743145743146,
    "4227_2": 3.12396214896215,
    "3558_1": 3.0967757517680115,
    "5727_2": 3.0590139506699603,
    "407_4": 3.055580013668249,
    "2275_2": 3.0550509131391483,
    "4259_4": 3.0345099345099356,
    "4956_4": 3.0209060822218716,
    "6744_2": 3.019277461668766,
    "7768_3": 3.014009498413524
}