{
    "97_2": 1.1267041566964167,
    "42_2": 0.8745924826807181,
    "10_1": 0.822766530854766,
    "27_1": 0.7271903820816865,
    "21_2": 0.6461691086691087,
    "2_2": 0.6234810940693294,
    "83_2": 0.6092564298446651,
    "56_2": 0.566468253968254,
    "92_1": 0.564520202020202,
    "4_2": 0.5482253857253857
}