{
    "97_2": 1.1267041566964167,
    "42_2": 0.8745924826807181,
    "10_1": 0.822766530854766,
    "27_1": 0.7271903820816865,
    "21_2": 0.6461691086691087,
    "2_2": 0.6234810940693294,
    "83_2": 0.6092564298446651,
    "56_2": 0.566468253968254,
    "92_1": 0.564520202020202,
    "4_2": 0.5482253857253857,
    "88_2": 0.5327390001303045,
    "90_1": 0.529191070367541,
    "93_1": 0.4957716689914832,
    "100_1": 0.47672466422466414,
    "16_1": 0.43243464052287583,
    "73_2": 0.4308159232072275,
    "19_1": 0.427485380116959,
    "52_1": 0.3718137254901961,
    "86_1": 0.350534188034188,
    "20_1": 0.3285714285714285
}