{
    "868_4": 1.6161288786194723,
    "2429_1": 1.6114027233500716,
    "1414_3": 1.5252495895761773,
    "2369_4": 1.5073215920009424,
    "3715_3": 1.4972129927166566,
    "2486_1": 1.4818820283421388,
    "292_4": 1.4789999141037304,
    "1158_2": 1.4465419288073376,
    "2285_3": 1.4436101888395099,
    "1501_2": 1.4228762401899209,
    "1178_3": 1.41020971008737,
    "3698_1": 1.4095427794559419,
    "4797_2": 1.4055253487312618,
    "2495_4": 1.3708964191364728,
    "676_4": 1.3610216312028038,
    "222_3": 1.3585283906051897,
    "377_3": 1.3413644088576886,
    "1319_1": 1.3112931761978543,
    "379_4": 1.2897869399154094,
    "1747_3": 1.285753172300591,
    "3413_2": 1.2430533293183144,
    "2475_1": 1.2354145181941285,
    "793_3": 1.2157962192898075,
    "557_4": 1.1952199887026576,
    "564_4": 1.193042076801529,
    "2521_1": 1.1824076760808333,
    "2911_2": 1.1729511821377188,
    "4608_1": 1.1666269044382174,
    "795_3": 1.1642429256646234,
    "127_1": 1.1624962886577785
}