{
    "467_4": 3.2467543249663993,
    "426_2": 2.9128411276159967,
    "312_3": 2.871848338504349,
    "14_4": 2.7260746935669538,
    "374_1": 2.6981397073186004,
    "424_3": 2.5865526415449023,
    "431_1": 2.4474432430314788,
    "452_3": 2.4129924598964845,
    "47_3": 2.31425447187831,
    "287_4": 2.2859753980110016,
    "491_3": 2.263722225486931,
    "339_1": 2.2433837045830582,
    "11_1": 2.183820437849673,
    "299_4": 2.1616826585866833,
    "10_2": 2.1569725810824885,
    "286_1": 2.1404915835798186,
    "93_4": 2.125042329768496,
    "200_1": 2.1171031582796287,
    "448_4": 2.062190587190587,
    "169_4": 2.044135847812319,
    "278_1": 2.0020296288678643,
    "210_2": 1.9947741871654916,
    "301_4": 1.985971232518547,
    "158_3": 1.982225258401729,
    "462_3": 1.9207935486398482,
    "311_4": 1.920119115141998,
    "76_3": 1.8904012654012654,
    "9_4": 1.859799247879743,
    "361_3": 1.8550721967023878,
    "480_2": 1.848719336219336
}