{
    "1405_1": 2.7600388078715663,
    "2626_3": 2.5786260085468724,
    "4744_1": 2.558080501953804,
    "271_3": 2.5497618962073987,
    "3916_3": 2.5188200395196256,
    "1726_3": 2.443780935343401,
    "3068_4": 2.424871317371113,
    "1441_4": 2.410299356131589,
    "1028_3": 2.4076920048168784,
    "4305_1": 2.3891459659719256,
    "384_4": 2.3736281857827484,
    "368_4": 2.3728128539506312,
    "462_1": 2.360457787069545,
    "2833_2": 2.3597779038697433,
    "4785_3": 2.3390671092804256,
    "4681_3": 2.284381810845522,
    "330_2": 2.2776671432313567,
    "1837_4": 2.2750290803575663,
    "112_2": 2.2656490789005863,
    "3617_4": 2.2591462933064346,
    "2423_4": 2.256203476104318,
    "1953_4": 2.2480936811816403,
    "164_4": 2.23749226408716,
    "3191_4": 2.2341235325187636,
    "4918_1": 2.206141294657621,
    "657_3": 2.201056233761869,
    "941_2": 2.175735022340394,
    "277_3": 2.1691115250402606,
    "4491_1": 2.1488642610393196,
    "396_3": 2.112906667857577,
    "92_2": 2.1045796659998146,
    "237_3": 2.0919214481615103,
    "2344_3": 2.07572470632801,
    "2711_2": 2.063437334330045,
    "265_2": 2.0628148371941135,
    "4706_4": 2.0602779246851535,
    "1496_1": 2.059339246483227,
    "4372_3": 2.0589098007725335,
    "122_2": 2.05208383244829,
    "1582_1": 2.041489670020879
}