{
    "346_2": 3.372590331289686,
    "4379_2": 3.2417926485802377,
    "1593_3": 3.1705095158726206,
    "632_1": 2.8620367051249405,
    "2061_2": 2.822545099686729,
    "1295_1": 2.6424376062533965,
    "1992_1": 2.5949039826338467,
    "3599_3": 2.58562202530235,
    "2016_2": 2.5663463585570447,
    "3047_2": 2.5657256314377066,
    "3898_3": 2.562104920501891,
    "4765_3": 2.5032767555258055,
    "3329_3": 2.4795606404861608,
    "3092_4": 2.4612755794257346,
    "3714_4": 2.452789008377244,
    "1020_4": 2.4502391459589603,
    "3250_3": 2.4403426097466343,
    "1214_3": 2.437111804604065,
    "1894_1": 2.4097217658353074,
    "709_4": 2.404352675558108,
    "976_1": 2.3607770282692884,
    "222_3": 2.3598130470034495,
    "3545_3": 2.338765760669786,
    "4884_4": 2.332911898043477,
    "3111_3": 2.3199492887573383,
    "3159_2": 2.316413980121075,
    "1062_3": 2.2984979348137244,
    "878_2": 2.2879124473164727,
    "2754_4": 2.2690288132583536,
    "3252_4": 2.2589296943998334
}