{
    "53_3": 34.912929572724664,
    "4944_1": 25.454627002257784,
    "4950_1": 25.396184254507105,
    "4946_1": 25.201489318466912,
    "312_4": 25.196330172945313,
    "1193_1": 20.976669880492558,
    "4941_1": 20.884491455858136,
    "4943_1": 18.06015514582324,
    "889_4": 17.56077893017987,
    "1986_4": 15.860144379520149,
    "1438_4": 15.56048895861046,
    "4942_1": 14.708080133660616,
    "4119_4": 14.249246050875053,
    "4934_1": 13.894258609168748,
    "2527_4": 13.829452526445724,
    "132_1": 13.810021694637785,
    "49_3": 13.66851913842192,
    "3610_4": 13.659113462382043,
    "3070_4": 13.266816121448919,
    "1997_4": 13.204912985321995,
    "1837_3": 13.043538958516338,
    "4629_4": 12.753712265294226,
    "414_3": 12.699585609268425,
    "486_1": 12.499446336573385,
    "3902_1": 12.41490788090271,
    "485_1": 12.067872605979598,
    "1480_3": 12.047140460534912,
    "771_3": 11.731492368290382,
    "325_4": 11.227096901498198,
    "1529_2": 10.904141790442091
}