{
    "194_3": 3.3333333333333335,
    "324_4": 3.3333333333333335,
    "280_1": 3.0,
    "2869_2": 3.0,
    "3160_4": 3.0,
    "1611_4": 3.0,
    "2083_2": 2.666666666666667,
    "1835_2": 2.6666666666666665,
    "4207_4": 2.6666666666666665,
    "1007_1": 2.583333333333333,
    "1531_3": 2.5,
    "2893_3": 2.5,
    "85_4": 2.4166666666666665,
    "29_4": 2.4166666666666665,
    "1223_4": 2.3333333333333335,
    "3718_2": 2.333333333333333,
    "2355_3": 2.333333333333333,
    "3915_4": 2.333333333333333,
    "595_4": 2.333333333333333,
    "311_4": 2.333333333333333,
    "2238_3": 2.25,
    "3756_3": 2.25,
    "81_4": 2.25,
    "3293_1": 2.1666666666666665,
    "105_1": 2.1666666666666665,
    "3352_1": 2.1666666666666665,
    "3898_2": 2.1666666666666665,
    "722_1": 2.1166666666666663,
    "3126_4": 2.1,
    "1239_1": 2.083333333333333
}