{
    "4944_1": 9.045346320346319,
    "4940_1": 7.651599511201497,
    "4922_1": 6.047014559514561,
    "53_3": 5.705047492291737,
    "4928_1": 5.659809634809635,
    "1529_2": 4.85704881204107,
    "4950_1": 4.782659487998047,
    "1193_1": 4.5643594700792836,
    "3559_1": 4.481601158903982,
    "502_1": 4.4105301561183925,
    "4923_1": 4.329841400429636,
    "3227_1": 4.294567932067932,
    "4946_1": 4.167751448737981,
    "1456_4": 4.161519036519037,
    "853_1": 4.0689735702893595,
    "2881_3": 3.8055299948253243,
    "4908_4": 3.714590498164352,
    "1195_1": 3.6670824344737394,
    "3899_1": 3.6145202020202025,
    "3598_3": 3.588170045692929,
    "3954_3": 3.53598696539099,
    "54_3": 3.510812095511357,
    "4943_1": 3.497215284715285,
    "4949_1": 3.3817071355321966,
    "4666_3": 3.3455669075441414,
    "1036_4": 3.2984848484848484,
    "1837_3": 3.192899200636805,
    "30_4": 3.146668609168609,
    "3594_3": 3.1134310134310135,
    "4392_4": 3.0909090909090913
}