{
    "4017_3": 3.767259185826962,
    "1046_4": 3.747562232914662,
    "2046_3": 3.612325730286854,
    "355_3": 3.598587579431234,
    "3714_4": 3.5108333181739773,
    "631_4": 3.4555086600964464,
    "3366_3": 3.413269709291188,
    "1769_3": 3.394278103217733,
    "3315_4": 3.391729768626054,
    "1701_3": 3.363352399695877,
    "1020_4": 3.3275057236337577,
    "1062_3": 3.3030075732590465,
    "4514_2": 3.2975690975690983,
    "4623_3": 3.2955779254372617,
    "1214_3": 3.294302127405506,
    "2697_4": 3.2826985953581977,
    "4455_3": 3.255313741556001,
    "3111_3": 3.210955504763555,
    "2400_3": 3.183361723864148,
    "2231_4": 3.1619018626139366,
    "3921_4": 3.143187763982644,
    "1048_3": 3.1297036209512825,
    "4719_4": 3.1256915856761056,
    "43_4": 3.1179186886385026,
    "1460_3": 3.108581185282962,
    "709_4": 3.0898684923607527,
    "4170_3": 3.0770995687555796,
    "4462_3": 3.0697514716629013,
    "3876_4": 3.0476905363821505,
    "3725_3": 3.044489471656655
}