{
    "7372_1": 64.00243372949052,
    "5469_1": 63.175931281960935,
    "6739_1": 59.663026122875074,
    "6096_3": 36.48615739312819,
    "133_4": 36.191993264957325,
    "419_4": 32.80759023721856,
    "6100_1": 28.53132448332628,
    "2476_4": 28.01338025064505,
    "9934_1": 27.24241751807258,
    "5462_1": 22.43520443873981,
    "2477_4": 21.58699617355129,
    "6096_1": 18.51358448210468,
    "194_1": 18.352103896500175,
    "2173_4": 18.26016208444193,
    "9915_1": 17.77497293049112,
    "201_1": 17.712785598858478,
    "2774_4": 17.26470819918635,
    "2172_4": 16.826251705367184,
    "2780_4": 16.155806104031186,
    "707_4": 15.3761847654646,
    "1543_1": 15.073672715295586,
    "2773_4": 14.801028927003554,
    "1875_4": 14.730190755685426,
    "142_1": 14.383651805872876,
    "5046_3": 14.074590121863658,
    "9931_1": 14.043748577504722,
    "1575_4": 13.791690676693399,
    "6447_3": 13.774117549117543,
    "2202_1": 13.759439696273265,
    "9932_1": 13.734457320145363
}