{
    "432_1": 3.1881164934689203,
    "73_2": 3.0352139913376233,
    "335_4": 2.8663218314646097,
    "111_4": 2.6441110414986078,
    "254_3": 2.5413294612303017,
    "397_1": 2.494247245914454,
    "8_3": 2.382401212984174,
    "204_1": 2.3693399374190864,
    "354_2": 2.3497568139042824,
    "491_2": 2.3375916154759424,
    "145_3": 2.3180743438788323,
    "321_4": 2.3074173311110786,
    "113_1": 2.2978395312956743,
    "39_1": 2.165978500667557,
    "284_4": 2.1459439024334293,
    "275_1": 2.0221144974005387,
    "388_4": 1.982025864575372,
    "231_1": 1.935380926362889,
    "295_2": 1.9310048677101244,
    "331_4": 1.927810492964955,
    "235_2": 1.9015533851906907,
    "52_3": 1.8502928617056618,
    "105_1": 1.846038685083064,
    "476_4": 1.8117012232485377,
    "185_4": 1.806658134167671,
    "355_4": 1.797517845155818,
    "155_1": 1.774420329300958,
    "53_2": 1.772610527873686,
    "323_3": 1.7494353757004435,
    "237_3": 1.7376446041661
}