{
    "2991_4": 2.885207572918106,
    "2413_4": 2.803371318211192,
    "2821_2": 2.7683304351045455,
    "3066_4": 2.761353105344384,
    "1569_3": 2.7083903203990776,
    "2454_1": 2.7044645778816228,
    "408_4": 2.6872947031638637,
    "4940_2": 2.6459275477932445,
    "3381_2": 2.639746440635767,
    "1297_4": 2.606039392548517,
    "1216_4": 2.6049094943188007,
    "80_1": 2.5890930159682237,
    "2550_1": 2.5790462749523297,
    "1268_3": 2.562617878699653,
    "1485_1": 2.5566425927265297,
    "4543_2": 2.508881063280599,
    "3308_3": 2.491939712210056,
    "3252_3": 2.4869612766249345,
    "1171_3": 2.4631701496059195,
    "708_4": 2.4592823810539763,
    "2794_3": 2.44361444398138,
    "4763_1": 2.4207179460736774,
    "1444_2": 2.419320650984511,
    "1748_2": 2.4102402520803548,
    "299_4": 2.3992202660476143,
    "3424_2": 2.3941185728039605,
    "2327_1": 2.393426959134874,
    "1992_1": 2.3828471084791527,
    "3761_2": 2.37748033606967,
    "4734_3": 2.373617687259663
}