{
    "663_3": 3.5277770818792487,
    "1715_4": 3.3283637114519466,
    "219_4": 3.25547271356095,
    "1080_4": 3.2144876997114853,
    "71_4": 3.1539822856606543,
    "576_4": 3.1319095507175994,
    "1872_4": 3.072850758869495,
    "1128_1": 3.0426580026963665,
    "488_2": 3.0023401583924545,
    "559_4": 2.993516006921243,
    "757_1": 2.931868392717115,
    "934_1": 2.866588994081255,
    "338_2": 2.8538380736910147,
    "916_3": 2.8211792836792844,
    "718_2": 2.809358228519042,
    "916_4": 2.7818721096584866,
    "1593_1": 2.764439791028351,
    "1354_4": 2.749752921656947,
    "1898_1": 2.742285389189414,
    "517_1": 2.737282395568597,
    "978_1": 2.7281409429587193,
    "1016_2": 2.719241091725611,
    "686_4": 2.7138139522472127,
    "262_3": 2.701555748459774,
    "32_2": 2.6580971060766463,
    "588_4": 2.6566100566100572,
    "568_2": 2.634661462772582,
    "227_1": 2.63443866075445,
    "109_2": 2.6262708337937166,
    "379_2": 2.613055116762211
}