{
    "2683_1": 3.0649859213091135,
    "7057_1": 2.97754615611246,
    "5234_2": 2.944520365908621,
    "9779_3": 2.9247663626157254,
    "4778_2": 2.921104369088712,
    "9327_1": 2.919395819515713,
    "6973_4": 2.9090104391060487,
    "8170_1": 2.899738047614293,
    "6739_4": 2.8752107849811095,
    "6025_1": 2.855249734617247,
    "8933_3": 2.8430882358390352,
    "906_2": 2.8392847475060177,
    "5315_2": 2.80974428638962,
    "8834_2": 2.781914651726434,
    "1653_1": 2.756607590169758,
    "5909_1": 2.7521738304017846,
    "952_3": 2.749328583386254,
    "642_4": 2.716259119501818,
    "9793_2": 2.7094405515882594,
    "329_3": 2.7087364908219924,
    "9921_2": 2.7050475082590566,
    "928_1": 2.697420176036731,
    "269_4": 2.6780196017405147,
    "1950_4": 2.667036370859562,
    "3811_1": 2.661007317739718,
    "2767_2": 2.644172119608753,
    "1805_4": 2.6309519808618367,
    "274_1": 2.6280195718337667,
    "7335_3": 2.608997997697351,
    "4635_2": 2.6087713689225582
}