{
    "4379_2": 3.7401841263834807,
    "346_2": 3.6485500741611934,
    "1593_3": 3.080220638083742,
    "632_1": 2.966203371791608,
    "1515_3": 2.9490846645564646,
    "1992_1": 2.9176275009456,
    "1214_3": 2.9006993423859764,
    "3111_3": 2.8637823562746165,
    "4765_3": 2.8095529640617394,
    "3599_3": 2.8029643581164825,
    "3450_4": 2.799566936331642,
    "976_1": 2.770499250491511,
    "709_4": 2.6978230940285273,
    "3250_3": 2.663124622419952,
    "457_2": 2.6610791240586633,
    "3857_1": 2.646264891022956,
    "4906_1": 2.620754245754246,
    "1295_1": 2.6028683304999096,
    "1020_4": 2.5890807352262466,
    "3047_2": 2.5877494409615163,
    "3545_3": 2.5531305625345877,
    "878_2": 2.527975673563909,
    "1629_1": 2.527027430138549,
    "2681_1": 2.509888108107923,
    "1674_4": 2.5004415247062313,
    "3001_1": 2.4799639086403795,
    "2061_2": 2.4432233103649392,
    "4099_3": 2.421918767507003,
    "2536_2": 2.421489886339892,
    "3329_3": 2.413167082776813
}