{
    "1726_3": 2.9078217769902674,
    "4744_1": 2.7914593386628117,
    "1405_1": 2.674908019345284,
    "3916_3": 2.6201997642010326,
    "271_3": 2.5031489036292482,
    "2423_4": 2.4747450832136995,
    "3068_4": 2.468698810847975,
    "4305_1": 2.4609513225957333,
    "4771_2": 2.4606954338212295,
    "277_3": 2.3544296443966304,
    "4681_3": 2.34574719984249,
    "4918_1": 2.3395916549891234,
    "1582_1": 2.3316066008089216,
    "1953_4": 2.322350313794807,
    "4785_3": 2.3222435896776714,
    "1028_3": 2.302434829482978,
    "92_2": 2.297159390483564,
    "2626_3": 2.286965531224631,
    "941_2": 2.273889102067009,
    "462_1": 2.2413034420531313,
    "710_3": 2.23579782874875,
    "4019_2": 2.234676441469432,
    "3083_3": 2.23420793251463,
    "3191_4": 2.233313510179505,
    "330_2": 2.2294961120286025,
    "1441_4": 2.22870992325699,
    "1837_4": 2.2140099835115676,
    "4372_3": 2.202641200092168,
    "368_4": 2.1873101378820907,
    "2229_4": 2.1762325694654003
}