{
    "248_3": 2.554395071792462,
    "598_3": 2.5290353815352478,
    "584_3": 2.5005542434555816,
    "601_1": 2.4663297303775917,
    "1414_1": 2.4573744822833246,
    "1970_4": 2.450473233572143,
    "903_2": 2.3571336290767677,
    "1635_4": 2.348157205040279,
    "608_2": 2.32862485655762,
    "1836_1": 2.3089175971612903,
    "1787_4": 2.303794659506064,
    "1123_4": 2.2997945171940346,
    "58_1": 2.297919652947412,
    "922_4": 2.294575402462058,
    "1924_3": 2.270164867830943,
    "285_2": 2.237365088082027,
    "1116_3": 2.1358918408241863,
    "1482_2": 2.120743393411595,
    "930_1": 2.1178842148121926,
    "1274_2": 2.1113252081785894,
    "1281_1": 2.106590711300596,
    "792_2": 2.082489454194711,
    "957_3": 2.0695738712148706,
    "998_3": 2.0532136232738067,
    "1169_3": 2.042110629031258,
    "357_1": 2.016629834130095,
    "823_3": 2.0074728254398777,
    "1599_3": 1.9858758051622756,
    "436_4": 1.982957027529466,
    "1964_4": 1.975342095271426
}