{
    "4666_3": 9.28604364545844,
    "4950_1": 7.400037595828596,
    "4943_1": 6.532955409584937,
    "4944_1": 6.41864190981259,
    "4940_1": 6.3683867668200245,
    "4946_1": 6.295637695637695,
    "4925_1": 6.146684440081935,
    "2873_3": 5.297600225120572,
    "3598_3": 5.288724293118236,
    "4949_1": 5.233951019183477
}