{
    "421_1": 2.5655964294098808,
    "698_3": 2.5056082907314705,
    "684_2": 2.4629608505886904,
    "385_1": 2.3629057423785675,
    "875_1": 2.3496317177916164,
    "946_1": 2.3384710063345833,
    "690_2": 2.2983853584684244,
    "24_1": 2.2632016906225547,
    "628_3": 2.2566492498480315,
    "877_2": 2.1853633977829867,
    "86_4": 2.1802413289570213,
    "682_1": 2.1747394308844767,
    "815_2": 2.171947779635481,
    "166_2": 2.16068438990645,
    "762_1": 2.1470426731464727,
    "535_3": 2.1389580687480803,
    "957_3": 2.109585615371015,
    "598_4": 2.097730564377489,
    "70_1": 2.0941355814965243,
    "588_4": 2.0811756037070857,
    "806_2": 2.055751990791217,
    "795_4": 2.036801336223519,
    "653_3": 2.0276201771907423,
    "47_2": 2.024727402204709,
    "50_1": 2.0121111447771423,
    "477_4": 1.9884748294292365,
    "246_2": 1.963615127867551,
    "253_2": 1.963479337689664,
    "790_1": 1.9268226358760299,
    "71_2": 1.9201216437066961
}