{
    "6100_1": 10.53036806416837,
    "5469_1": 9.542006344676427,
    "5462_1": 8.056841439244371,
    "9245_1": 7.148625569373336,
    "57_3": 6.9768012949046705,
    "6096_1": 6.75904590795998,
    "2200_1": 6.563994493820828,
    "1543_1": 6.479129871426532,
    "133_4": 6.2817284520241055,
    "5453_1": 6.220665011005097,
    "3627_4": 6.1828642646798775,
    "8437_4": 6.083852439897805,
    "1891_3": 6.027413273001507,
    "7104_4": 5.974221778245476,
    "9931_1": 5.764679434845651,
    "9913_3": 5.6045870251752605,
    "2438_4": 5.512689049564311,
    "4167_4": 5.461152897118056,
    "432_3": 5.390460416776205,
    "9921_3": 5.237608061872766,
    "8436_4": 5.206641856641856,
    "2787_1": 5.132241206505912,
    "8638_1": 5.114426260014494,
    "7904_4": 5.02856016532487,
    "98_3": 4.890804048892284,
    "879_1": 4.792527896325255,
    "9907_1": 4.7188187492449165,
    "171_1": 4.680266955266956,
    "7998_1": 4.621292596292596,
    "3623_4": 4.505194627578191
}