{
    "4276_4": 4.0,
    "3516_1": 3.5,
    "3096_2": 3.5,
    "2716_3": 3.5,
    "4198_4": 3.5,
    "699_2": 3.3333333333333335,
    "2960_1": 3.0,
    "4129_1": 3.0,
    "2711_1": 3.0,
    "450_4": 3.0,
    "2048_2": 2.833333333333333,
    "3559_3": 2.833333333333333,
    "3057_1": 2.5,
    "154_1": 2.5,
    "2156_1": 2.5,
    "4537_2": 2.5,
    "2956_3": 2.5,
    "715_3": 2.5,
    "4456_4": 2.5,
    "705_1": 2.3333333333333335,
    "2733_4": 2.333333333333333,
    "2214_1": 2.25,
    "776_1": 2.1666666666666665,
    "1942_3": 2.0833333333333335,
    "1026_1": 2.0,
    "3176_1": 2.0,
    "4821_1": 2.0,
    "1642_1": 2.0,
    "3567_1": 2.0,
    "2454_1": 2.0
}