{
    "4940_1": 9.075473701216394,
    "53_3": 7.385588000443853,
    "3598_3": 7.256888150729663,
    "4944_1": 7.107128982128981,
    "312_4": 6.7294122544122565,
    "3954_3": 6.084262448078237,
    "4950_1": 5.569962120745993,
    "4310_3": 5.480241980241981,
    "4943_1": 5.298597644185878,
    "2180_3": 4.938944722512498,
    "2881_3": 4.64089777708278,
    "4941_1": 4.548145318733554,
    "4922_1": 4.448619864612512,
    "4946_1": 4.240939867264927,
    "2526_3": 4.142886167886168,
    "2210_1": 4.0463310945347555,
    "4934_1": 4.031686842240324,
    "2209_1": 4.030157458864554,
    "4923_1": 3.869326527535482,
    "4666_3": 3.848962221747988,
    "734_3": 3.738293753087455,
    "3058_4": 3.6353285603285603,
    "4119_4": 3.6038600736181388,
    "2204_1": 3.5845940609098506,
    "4014_4": 3.397450280198749,
    "4234_1": 3.32979797979798,
    "2552_1": 3.270344829748855,
    "1837_3": 3.2556987895145784,
    "4670_3": 3.2245702826585183,
    "3237_3": 3.0166666666666666
}