{
    "4744_1": 3.4808120486400735,
    "2790_6": 3.3957200680355033,
    "1725_3": 3.3497238343564475,
    "1775_4": 3.342771049457943,
    "1061_6": 3.337758327916795,
    "422_5": 3.330879045146074,
    "1028_3": 3.292040638505951,
    "4421_1": 3.278872379065341,
    "2298_5": 3.2425364807873853,
    "265_2": 3.217264790909091,
    "1726_3": 3.201675051748097,
    "2392_2": 3.188358511720725,
    "738_3": 3.177396315868348,
    "4290_3": 3.145252288678879,
    "3916_3": 3.1234569529000704,
    "2213_5": 3.1185715201589312,
    "3520_1": 3.112400322515813,
    "2626_3": 3.0956779669429055,
    "4540_5": 3.0879168867361346,
    "2229_4": 3.064764564245575,
    "3068_4": 3.0553282372634833,
    "2306_6": 3.029396601017635,
    "1010_2": 3.0049970848940517,
    "3211_5": 2.9982204623290416,
    "2610_4": 2.992487948722264,
    "1590_4": 2.991459054107983,
    "1230_1": 2.9852012597883677,
    "946_6": 2.9775062368053065,
    "3291_3": 2.9742873331315494,
    "1179_4": 2.9685028805541007
}