{
    "4744_1": 3.2247643517319684,
    "1775_4": 3.0631974511772513,
    "1725_3": 2.926973794180534,
    "1028_3": 2.912294975672053,
    "265_2": 2.847349485034706,
    "1726_3": 2.8004157576959576,
    "2626_3": 2.785903530852679,
    "3068_4": 2.7216222401954173,
    "1773_2": 2.6732815473506824,
    "1405_1": 2.6660487593705993,
    "3899_4": 2.665487117265436,
    "4290_3": 2.648786238319038,
    "1664_1": 2.628207703312046,
    "2392_2": 2.622630287068016,
    "3817_1": 2.593522363685164,
    "2229_4": 2.5925552549187953,
    "462_1": 2.590087527272638,
    "4421_1": 2.589311247246145,
    "837_1": 2.5624599151045113,
    "1872_3": 2.5557101468571943
}