{
    "4744_1": 3.2247643517319684,
    "1775_4": 3.0631974511772513,
    "1725_3": 2.926973794180534,
    "1028_3": 2.912294975672053,
    "265_2": 2.847349485034706,
    "1726_3": 2.8004157576959576,
    "2626_3": 2.785903530852679,
    "3068_4": 2.7216222401954173,
    "1773_2": 2.6732815473506824,
    "1405_1": 2.6660487593705993
}