{
    "4943_1": 29.223251228227525,
    "4940_1": 28.366849573304027,
    "208_6": 28.328647343750735,
    "2357_6": 28.108615324910307,
    "4941_1": 25.92452736882294,
    "4934_1": 23.903460956622393,
    "4946_1": 22.928063960258978,
    "2311_5": 22.17736403962003,
    "871_5": 21.38669609858122,
    "4949_1": 19.878656274444914,
    "1193_1": 18.823810718726634,
    "4928_1": 18.545308007573464,
    "3049_6": 18.021978463033452,
    "1837_3": 17.674280663377843,
    "3401_6": 16.89718789433691,
    "4825_6": 16.578280820911285,
    "204_6": 16.488052922915966,
    "2606_5": 16.27415675643161,
    "4116_6": 16.17025185138142,
    "3046_6": 16.060681527575664,
    "4942_1": 15.98259808818632,
    "2700_6": 15.718909171860682,
    "53_3": 15.47267904077175,
    "2529_3": 13.896510275787644,
    "4933_1": 13.084032114097987,
    "2353_6": 12.598343579495038,
    "4944_1": 12.535841408832134,
    "4922_1": 12.072333246613091,
    "1836_3": 11.682786439037802,
    "774_3": 11.553152592492191
}