{
    "1431_1": 8.677118662294687,
    "1115_2": 8.668326790476158,
    "1947_2": 8.199893059297084,
    "1560_2": 8.078639824228057,
    "1397_1": 8.057224448238378,
    "1043_2": 7.349007811933507,
    "214_2": 7.33586495204142,
    "1892_2": 7.258462779051014,
    "1363_1": 5.556559370730523,
    "1364_1": 5.2398574779646525,
    "180_2": 5.11964877501962,
    "1366_1": 5.007347148483808,
    "1165_4": 4.879403090561411,
    "785_4": 4.780077974672826,
    "1307_2": 4.776447897025456,
    "1861_2": 4.702449348037583,
    "1946_2": 4.605168905168906,
    "211_2": 4.510944532190661,
    "1428_1": 4.483379514586609,
    "826_4": 4.227811777526333,
    "109_4": 4.157048112070996,
    "1374_1": 4.047904941797459,
    "715_1": 3.9961123791928737,
    "141_2": 3.9923750870732295,
    "1405_2": 3.848351648351649,
    "1393_1": 3.7814612133652394,
    "1963_1": 3.554957861644495,
    "1491_2": 3.3743940270256068,
    "212_2": 3.303346737002794,
    "1894_4": 3.2302148950025766
}