{
    "683_4": 3.1713944367652807,
    "626_2": 3.0584285843234817,
    "278_1": 3.014969290658954,
    "92_2": 2.9045013193513243,
    "590_4": 2.8570291095213696,
    "501_1": 2.853464194903824,
    "91_3": 2.8148023003827967,
    "862_4": 2.795703570043341,
    "61_4": 2.7366613348811497,
    "492_4": 2.7213152185978275,
    "277_3": 2.6939859976624687,
    "550_4": 2.674062222250888,
    "213_1": 2.651720478094317,
    "317_3": 2.6098093659658135,
    "531_2": 2.6059930540735485,
    "405_1": 2.5709387078349932,
    "283_4": 2.554828081275449,
    "230_4": 2.5455735089249023,
    "883_3": 2.5139568436230175,
    "568_1": 2.509396056300081,
    "704_1": 2.492314886122936,
    "669_2": 2.4746878600938707,
    "370_3": 2.4725128199973407,
    "105_3": 2.463127395293569,
    "873_2": 2.4569609168444813,
    "833_2": 2.451505367299309,
    "816_1": 2.44983990749177,
    "759_4": 2.4479226011346755,
    "435_2": 2.4298639054444013,
    "870_2": 2.4281231481460313
}