{
    "73_2": 2.848256015969125,
    "8_3": 2.700841446094193,
    "397_1": 2.6985185264005684,
    "111_4": 2.485915027483564,
    "432_1": 2.4324590873840872,
    "321_4": 2.4284133379449977,
    "130_1": 2.3608418848657156,
    "64_2": 2.2780970920494017,
    "254_3": 2.272333999459476,
    "116_2": 2.2598295597255973,
    "4_1": 2.2217930991337576,
    "354_2": 2.192326492690402,
    "29_2": 2.1783944410946114,
    "380_3": 2.1504803010836797,
    "295_2": 2.1472364472731496,
    "145_3": 2.1438504093581803,
    "95_4": 2.1367597090345782,
    "434_3": 2.1293784437384993,
    "417_3": 2.1071812873021907,
    "100_3": 2.100145649718553,
    "68_1": 2.091269320653322,
    "237_3": 2.08184583123651,
    "433_3": 2.0697221632492413,
    "284_4": 2.0511939359861526,
    "39_1": 2.049132827558348,
    "400_3": 2.037286816979353,
    "235_2": 2.029202928077838,
    "331_4": 2.000333529466581,
    "52_3": 1.9917445918698873,
    "411_1": 1.9832003921360752
}